Name	GC%	Length	ORFs
vB_VpP_AC2_0	49.297492658685336	44270	53
LY2_LY4_0	35.63570155729449	154884	239
LY2_LY4_1	36.53494049435459	52432	85
