Name	GC%	Length	ORFs
BA3_CA8_0	46.29995907788842	58648	85
BA3_CA8_1	46.42270861833106	58480	84
vB_VpP_AC2_0	49.297492658685336	44270	53
